<?xml version="1.0" encoding="UTF-8"?>
<breakfast_menu>
  <food>
  	 <name>Belgian Waffles</name>
  	 <photo>bg4.jpg</photo>
  	 <price>$12</price>
  	 <description>
       Two of our famous Belgian Waffles with plenty of real maple syrup
    </description>
    <calories>650</calories>
  </food>
  <food>
  <photo>https://www.twinings.co.uk/app_/responsive/TwiningsUKI/media/content/About-Tea/shutterstock_126275183.jpg?w=1060</photo>
  	 <name>Tea</name>
  	 <price>$10</price>
  	 <description>
       Green Tea that effect our Health positively.
    </description>
    <calories>200</calories>
  </food>


</breakfast_menu>